Dataset,Outcome,Model,CV_AUROC_Mean,CV_AUROC_SD,Test_AUROC,Test_Size,Model_File
knn,drop,LightGBM,0.9915,0.0035,0.9914,251,models/knn_drop_lightgbm.joblib
knn,drop,Random Forest,0.994,0.0025,0.9923,251,models/knn_drop_random_forest.joblib
knn,drop,SVM,0.9909,0.0031,0.9901,251,models/knn_drop_svm.joblib
knn,drop,FFNN,0.9899,0.0049,0.9786,251,models/knn_drop_ffnn.joblib
knn,threshold,LightGBM,0.9895,0.0027,0.9902,251,models/knn_threshold_lightgbm.joblib
knn,threshold,Random Forest,0.9931,0.0024,0.995,251,models/knn_threshold_random_forest.joblib
knn,threshold,SVM,0.9901,0.0037,0.9936,251,models/knn_threshold_svm.joblib
knn,threshold,FFNN,0.9855,0.0053,0.9847,251,models/knn_threshold_ffnn.joblib
binned,drop,LightGBM,0.9834,0.006,0.9651,251,models/binned_drop_lightgbm.joblib
binned,drop,Random Forest,0.993,0.0022,0.985,251,models/binned_drop_random_forest.joblib
binned,drop,SVM,0.9903,0.0045,0.987,251,models/binned_drop_svm.joblib
binned,drop,FFNN,0.9859,0.0078,0.9882,251,models/binned_drop_ffnn.joblib
binned,threshold,LightGBM,0.9758,0.0058,0.9811,251,models/binned_threshold_lightgbm.joblib
binned,threshold,Random Forest,0.9902,0.0034,0.9906,251,models/binned_threshold_random_forest.joblib
binned,threshold,SVM,0.9901,0.0039,0.9891,251,models/binned_threshold_svm.joblib
binned,threshold,FFNN,0.9838,0.006,0.9885,251,models/binned_threshold_ffnn.joblib
